Segment,Delivery,Dine In,Take Away
At Risk,39.27106957139257,0.3459097885597783,60.38302064004765
Can’t Lose Them,44.74529202464636,0.4773062570511152,54.77740171830252
Champions,50.255827174530985,2.663965601454091,47.08020722401493
Customers Needing Attention,21.982799357338624,0.5670541536716757,77.4501464889897
Lost,52.805340537170764,1.5169619200997453,45.6776975427295
Loyal Customers,45.17036666513094,2.711321139682895,52.118312195186164
Potential Loyalist,21.6159030353691,0.9403897393030667,77.44370722532783
