Segment,Female,Male,Unknown
At Risk,8.292671752227797,8.573675730572164,83.13365251720003
Can’t Lose Them,15.160982383059968,16.49743990280309,68.34157771413695
Champions,14.966089887820386,38.097830873815944,46.93607923836367
Customers Needing Attention,3.3519201083703494,5.591784015373468,91.05629587625617
Lost,15.65795625746792,28.45862122707673,55.88342251545535
Loyal Customers,6.936427598280867,16.270888591982203,76.79268380973693
Potential Loyalist,2.3313828953555196,7.447364296536231,90.22125280810826
