Segment,APP,CALL CENTER,STORE,WEBSITE
At Risk,0.6460037110851488,17.009140265273864,59.05436052504982,23.290495498591163
Can’t Lose Them,0.18224420723769852,23.066909658942983,48.05172264167318,28.699123492146146
Champions,11.310844029498195,19.264306704353466,44.82220211547855,24.602647150669796
Customers Needing Attention,2.835270768358378,8.29159184702139,77.85653529912106,11.016602085499166
Lost,4.867785339498155,24.0583926437737,46.55826276689698,24.51555924983116
Loyal Customers,9.94260779138722,12.87507322113771,52.207164811731175,24.975154175743892
Potential Loyalist,4.972310746564966,6.224857635442245,75.5903557807847,13.212475837208087
