Segment,Hanoi,Ho Chi Minh City,Nothern Provinces,Southern Provinces
At Risk,27.547553050954882,27.6773646713857,19.47327026015776,25.301812017501664
Can’t Lose Them,30.452139199861143,30.018224420723772,15.239087043304695,24.290549336110388
Champions,32.040451921306115,30.39979501797596,13.318226585207665,24.241526475510252
Customers Needing Attention,24.93148095643134,19.74293545033551,25.507986012664208,29.817597580568943
Lost,33.334199179178135,30.778222245311444,13.478622266091744,22.40895630941867
Loyal Customers,29.59285756596484,29.433581023713778,18.100265241514577,22.87329616880681
Potential Loyalist,24.25683088657855,19.347212789300457,26.90298312522857,29.49297319889243
