Year,VoucherUsed
2021,3.555885444520258
2022,10.440320183609368
2023,22.845423553859316
